{
    "version": 2,
    "settings": {
        "border": {
            "radius": false,
            "color": false,
            "style": false,
            "width": false
        },
        "color": {
            "custom": false,
            "customDuotone": false,
            "customGradient": false,
            "duotone": [],
            "gradients": [],
            "link": false,
            "text": false,
            "background": false,
            "defaultGradients": false,
            "defaultPalette": false
        },
        "custom": {},
        "layout": {
            "contentSize": "1920px",
            "wideSize": "2560px"
        },
        "spacing": {
            "margin": false,
            "padding": false,
            "blockGap": null,
            "units": [
                "px",
                "em",
                "rem",
                "vh",
                "vw"
            ]
        },
        "typography": {
            "customFontSize": false,
            "lineHeight": false,
            "dropCap": false,
            "fontStyle": false,
            "fontWeight": false,
            "letterSpacing": false,
            "textDecoration": false,
            "textTransform": false,
            "fontSizes": [],
            "fontFamilies": []
        },
        "blocks": {
            "core/paragraph": {
                "color": {},
                "custom": {},
                "layout": {},
                "spacing": {},
                "typography": {}
            },
            "core/heading": {},
            "etc": {}
        }
    }
}